Model,Accuracy,Precision,Recall,F1-Score,ROC-AUC
Gradient Boosting,0.8798333333333334,0.4057142857142857,0.10319767441860465,0.1645422943221321,0.7343916910374054
Random Forest,0.8806666666666667,0.42134831460674155,0.10901162790697674,0.17321016166281755,0.7234384029577612
Random Forest,0.8806666666666667,0.42134831460674155,0.10901162790697674,0.17321016166281755,0.7234384029577612
Naive Bayes,0.6786666666666666,0.2050428163653663,0.626453488372093,0.3089605734767025,0.6821539428061082
Decision Tree,0.8305,0.2755798090040928,0.2936046511627907,0.28430682617874736,0.6399387521014289
Decision Tree,0.8305,0.2755798090040928,0.2936046511627907,0.28430682617874736,0.6399387521014289
